{"cameraMode":{"drawMode":0,"name":"Shaded","section":"Shading Mode"},"sceneLighting":true,"audioPlay":false,"sceneViewState":{"m_AlwaysRefresh":false,"showFog":true,"showSkybox":true,"showFlares":true,"showImageEffects":true,"showParticleSystems":true,"showVisualEffectGraphs":true,"m_FxEnabled":true},"in2DMode":false,"pivot":{"x":0.07520145177841187,"y":-0.35608407855033877,"z":-0.9779301881790161},"rotation":{"x":-0.25803741812705996,"y":-0.11215238273143769,"z":0.030172159895300866,"w":-0.9591320753097534},"size":10.6453275680542,"orthographic":false}