{"cameraMode":{"drawMode":0,"name":"Shaded","section":"Shading Mode"},"sceneLighting":true,"audioPlay":false,"sceneViewState":{"m_AlwaysRefresh":false,"showFog":true,"showSkybox":true,"showFlares":true,"showImageEffects":true,"showParticleSystems":true,"showVisualEffectGraphs":true,"m_FxEnabled":true},"in2DMode":false,"pivot":{"x":-14.298802375793457,"y":1.1824750900268555,"z":0.02338654361665249},"rotation":{"x":0.23561903834342957,"y":-0.01894955337047577,"z":0.004595301579684019,"w":0.9716647267341614},"size":3.9434540271759035,"orthographic":false}