{"cameraMode":{"drawMode":0,"name":"Shaded","section":"Shading Mode"},"sceneLighting":true,"audioPlay":false,"sceneViewState":{"m_AlwaysRefresh":false,"showFog":true,"showSkybox":true,"showFlares":true,"showImageEffects":true,"showParticleSystems":true,"showVisualEffectGraphs":true,"m_FxEnabled":true},"in2DMode":false,"pivot":{"x":-13.8309326171875,"y":0.9882380962371826,"z":-3.7147631645202638},"rotation":{"x":0.23041091859340669,"y":0.0014596374239772559,"z":-0.0003456207050476223,"w":0.9730930328369141},"size":5.5717926025390629,"orthographic":false}